{"cameraMode":{"drawMode":0,"name":"Shaded","section":"Shading Mode"},"sceneLighting":true,"audioPlay":false,"sceneViewState":{"showFog":true,"showMaterialUpdate":false,"showSkybox":true,"showFlares":true,"showImageEffects":true,"showParticleSystems":true},"in2DMode":false,"pivot":{"x":-1.0422353744506837,"y":0.4163951873779297,"z":-4.603145122528076},"rotation":{"x":0.6475639939308167,"y":-0.004571986850351095,"z":0.00388542958535254,"w":0.7619879245758057},"size":8.084633827209473,"orthographic":true}