{"cameraMode":{"drawMode":0,"name":"Shaded","section":"Shading Mode"},"sceneLighting":true,"audioPlay":false,"sceneViewState":{"showFog":true,"showMaterialUpdate":false,"showSkybox":true,"showFlares":true,"showImageEffects":true,"showParticleSystems":true},"in2DMode":false,"pivot":{"x":-3.5201830863952638,"y":7.837371826171875,"z":-2.974591016769409},"rotation":{"x":-0.40413373708724978,"y":-0.4467146396636963,"z":0.23684349656105042,"w":-0.7622608542442322},"size":13.200779914855957,"orthographic":false}