{"cameraMode":{"drawMode":0,"name":"Shaded","section":"Shading Mode"},"sceneLighting":false,"audioPlay":false,"sceneViewState":{"showFog":true,"showMaterialUpdate":false,"showSkybox":false,"showFlares":true,"showImageEffects":true,"showParticleSystems":true},"in2DMode":false,"pivot":{"x":-1.3259999752044678,"y":1.2005000114440919,"z":-0.2625000476837158},"rotation":{"x":0.2588348984718323,"y":-0.5956197381019592,"z":0.211028054356575,"w":0.7305541634559631},"size":7.282063007354736,"orthographic":false}